ID,Category,Date,Tourist Count,Average Spend ($),Label
ID_1,Type C,2018-01-01,548,292.71,Positive
ID_2,Type D,2018-01-02,616,95.53,Neutral
ID_3,Type A,2018-01-03,91,346.92,Neutral
ID_4,Type A,2018-01-04,870,213.84,Positive
ID_5,Type B,2018-01-05,500,247.11,Negative
ID_6,Type C,2018-01-06,780,118.13,Positive
ID_7,Type C,2018-01-07,188,180.54,Positive
ID_8,Type C,2018-01-08,571,45.51,Positive
ID_9,Type D,2018-01-09,487,177.04,Positive
ID_10,Type C,2018-01-10,515,223.87,Positive
ID_11,Type D,2018-01-11,480,163.91,Negative
ID_12,Type B,2018-01-12,739,364.93,Positive
ID_13,Type B,2018-01-13,177,387.5,Positive
ID_14,Type A,2018-01-14,213,86.31,Positive
ID_15,Type A,2018-01-15,515,466.01,Neutral
ID_16,Type C,2018-01-16,198,128.55,Negative
ID_17,Type B,2018-01-17,613,477.96,Neutral
ID_18,Type B,2018-01-18,81,38.45,Negative
ID_19,Type B,2018-01-19,416,475.13,Positive
ID_20,Type B,2018-01-20,8,86.76,Positive
ID_21,Type C,2018-01-21,721,64.27,Neutral
ID_22,Type B,2018-01-22,391,232.03,Negative
ID_23,Type B,2018-01-23,76,399.27,Positive
ID_24,Type A,2018-01-24,363,203.89,Negative
ID_25,Type A,2018-01-25,657,118.51,Positive
ID_26,Type A,2018-01-26,985,247.59,Neutral
ID_27,Type D,2018-01-27,795,196.23,Negative
ID_28,Type B,2018-01-28,511,251.3,Neutral
ID_29,Type B,2018-01-29,769,200.3,Negative
ID_30,Type C,2018-01-30,944,286.14,Positive
ID_31,Type C,2018-01-31,839,268.39,Negative
ID_32,Type B,2018-02-01,402,378.01,Negative
ID_33,Type B,2018-02-02,198,212.75,Positive
ID_34,Type A,2018-02-03,738,192.38,Negative
ID_35,Type B,2018-02-04,743,309.03,Neutral
ID_36,Type D,2018-02-05,596,326.9,Positive
ID_37,Type B,2018-02-06,46,34.35,Positive
ID_38,Type B,2018-02-07,492,84.02,Neutral
ID_39,Type A,2018-02-08,905,209.9,Negative
ID_40,Type C,2018-02-09,673,432.79,Neutral
ID_41,Type D,2018-02-10,74,410.64,Positive
ID_42,Type A,2018-02-11,809,355.75,Neutral
ID_43,Type B,2018-02-12,957,16.63,Negative
ID_44,Type B,2018-02-13,951,148.76,Negative
ID_45,Type A,2018-02-14,366,76.67,Neutral
ID_46,Type D,2018-02-15,421,366.09,Negative
ID_47,Type C,2018-02-16,954,110.86,Negative
ID_48,Type A,2018-02-17,854,148.94,Negative
ID_49,Type D,2018-02-18,858,288.01,Positive
ID_50,Type A,2018-02-19,151,142.61,Negative
ID_51,Type C,2018-02-20,841,232.76,Neutral
ID_52,Type A,2018-02-21,333,312.68,Negative
ID_53,Type A,2018-02-22,574,191.99,Neutral
ID_54,Type B,2018-02-23,891,491.62,Negative
ID_55,Type A,2018-02-24,77,398.54,Positive
ID_56,Type A,2018-02-25,72,180.55,Positive
ID_57,Type B,2018-02-26,454,104.98,Neutral
ID_58,Type C,2018-02-27,355,16.54,Negative
ID_59,Type D,2018-02-28,1,239.62,Negative
ID_60,Type A,2018-03-01,697,97.27,Positive
ID_61,Type B,2018-03-02,814,315.9,Negative
ID_62,Type A,2018-03-03,761,493.73,Negative
ID_63,Type C,2018-03-04,280,272.09,Positive
ID_64,Type A,2018-03-05,983,311.23,Positive
ID_65,Type B,2018-03-06,167,482.22,Negative
ID_66,Type B,2018-03-07,50,132.62,Neutral
ID_67,Type B,2018-03-08,458,163.69,Positive
ID_68,Type D,2018-03-09,842,242.31,Negative
ID_69,Type A,2018-03-10,494,48.13,Neutral
ID_70,Type C,2018-03-11,692,418.78,Negative
ID_71,Type C,2018-03-12,1,84.79,Positive
ID_72,Type A,2018-03-13,838,337.66,Negative
ID_73,Type A,2018-03-14,914,432.1,Positive
ID_74,Type A,2018-03-15,202,197.24,Neutral
ID_75,Type D,2018-03-16,252,134.22,Positive
ID_76,Type C,2018-03-17,567,339.61,Positive
ID_77,Type A,2018-03-18,627,311.14,Positive
ID_78,Type D,2018-03-19,856,216.19,Positive
ID_79,Type C,2018-03-20,838,340.47,Neutral
ID_80,Type C,2018-03-21,894,381.07,Negative
ID_81,Type D,2018-03-22,43,445.21,Positive
ID_82,Type A,2018-03-23,460,340.53,Neutral
ID_83,Type D,2018-03-24,492,166.8,Negative
ID_84,Type D,2018-03-25,616,495.96,Negative
ID_85,Type A,2018-03-26,583,291.61,Positive
ID_86,Type B,2018-03-27,432,201.55,Negative
ID_87,Type A,2018-03-28,529,26.69,Positive
ID_88,Type C,2018-03-29,886,294.03,Neutral
ID_89,Type B,2018-03-30,90,109.79,Positive
ID_90,Type A,2018-03-31,509,184.5,Negative
ID_91,Type B,2018-04-01,591,129.22,Positive
ID_92,Type C,2018-04-02,284,71.56,Positive
ID_93,Type C,2018-04-03,480,98.3,Neutral
ID_94,Type A,2018-04-04,812,172.03,Negative
ID_95,Type A,2018-04-05,42,472.15,Negative
ID_96,Type C,2018-04-06,585,330.33,Negative
ID_97,Type D,2018-04-07,839,263.87,Positive
ID_98,Type A,2018-04-08,706,74.43,Negative
ID_99,Type B,2018-04-09,545,491.13,Neutral
ID_100,Type D,2018-04-10,161,148.24,Neutral
ID_101,Type A,2018-04-11,657,413.08,Negative
ID_102,Type C,2018-04-12,719,17.64,Negative
ID_103,Type C,2018-04-13,407,185.4,Negative
ID_104,Type B,2018-04-14,83,360.84,Negative
ID_105,Type B,2018-04-15,272,263.49,Negative
ID_106,Type D,2018-04-16,86,239.08,Positive
ID_107,Type D,2018-04-17,188,198.45,Positive
ID_108,Type C,2018-04-18,587,75.92,Negative
ID_109,Type A,2018-04-19,412,346.92,Negative
ID_110,Type B,2018-04-20,188,46.77,Neutral
ID_111,Type B,2018-04-21,654,241.16,Positive
ID_112,Type C,2018-04-22,682,81.15,Positive
ID_113,Type C,2018-04-23,399,315.55,Neutral
ID_114,Type A,2018-04-24,27,209.66,Neutral
ID_115,Type A,2018-04-25,749,499.12,Neutral
ID_116,Type B,2018-04-26,29,430.33,Positive
ID_117,Type D,2018-04-27,649,479.5,Neutral
ID_118,Type D,2018-04-28,62,65.71,Negative
ID_119,Type B,2018-04-29,355,82.87,Positive
ID_120,Type D,2018-04-30,915,298.01,Positive
ID_121,Type C,2018-05-01,209,475.89,Positive
ID_122,Type B,2018-05-02,598,250.84,Neutral
ID_123,Type D,2018-05-03,898,419.26,Positive
ID_124,Type B,2018-05-04,191,488.47,Negative
ID_125,Type D,2018-05-05,728,356.58,Negative
ID_126,Type D,2018-05-06,668,399.09,Positive
ID_127,Type C,2018-05-07,280,171.72,Negative
ID_128,Type C,2018-05-08,452,222.22,Negative
ID_129,Type D,2018-05-09,121,98.14,Neutral
ID_130,Type C,2018-05-10,824,30.93,Neutral
ID_131,Type B,2018-05-11,223,56.9,Negative
ID_132,Type A,2018-05-12,694,374.35,Positive
ID_133,Type A,2018-05-13,920,66.43,Negative
ID_134,Type D,2018-05-14,990,285.37,Negative
ID_135,Type B,2018-05-15,73,483.13,Negative
ID_136,Type D,2018-05-16,656,138.77,Positive
ID_137,Type D,2018-05-17,337,189.05,Neutral
ID_138,Type A,2018-05-18,8,338.98,Positive
ID_139,Type D,2018-05-19,959,279.04,Neutral
ID_140,Type B,2018-05-20,464,362.57,Negative
ID_141,Type A,2018-05-21,458,331.37,Negative
ID_142,Type B,2018-05-22,415,31.85,Positive
ID_143,Type D,2018-05-23,819,233.63,Neutral
ID_144,Type C,2018-05-24,78,76.25,Positive
ID_145,Type D,2018-05-25,847,61.28,Neutral
ID_146,Type D,2018-05-26,822,254.13,Positive
ID_147,Type D,2018-05-27,247,446.03,Positive
ID_148,Type B,2018-05-28,437,268.29,Positive
ID_149,Type A,2018-05-29,338,296.15,Neutral
ID_150,Type A,2018-05-30,720,99.82,Negative
ID_151,Type C,2018-05-31,68,490.17,Neutral
ID_152,Type C,2018-06-01,675,206.85,Positive
ID_153,Type B,2018-06-02,731,296.36,Positive
ID_154,Type A,2018-06-03,639,323.97,Negative
ID_155,Type D,2018-06-04,817,177.73,Positive
ID_156,Type C,2018-06-05,162,477.82,Neutral
ID_157,Type B,2018-06-06,572,267.88,Positive
ID_158,Type D,2018-06-07,18,480.81,Negative
ID_159,Type D,2018-06-08,787,403.37,Positive
ID_160,Type D,2018-06-09,916,446.06,Negative
ID_161,Type D,2018-06-10,857,308.07,Neutral
ID_162,Type B,2018-06-11,141,105.08,Neutral
ID_163,Type B,2018-06-12,1,24.33,Negative
ID_164,Type D,2018-06-13,69,384.44,Negative
ID_165,Type B,2018-06-14,195,163.68,Negative
ID_166,Type D,2018-06-15,380,462.45,Positive
ID_167,Type D,2018-06-16,323,432.69,Neutral
ID_168,Type D,2018-06-17,894,166.33,Positive
ID_169,Type B,2018-06-18,743,226.53,Negative
ID_170,Type D,2018-06-19,883,406.18,Neutral
ID_171,Type B,2018-06-20,517,171.33,Positive
ID_172,Type A,2018-06-21,297,75.77,Positive
ID_173,Type D,2018-06-22,141,57.12,Positive
ID_174,Type A,2018-06-23,200,25.36,Negative
ID_175,Type B,2018-06-24,621,463.52,Positive
ID_176,Type C,2018-06-25,908,208.83,Positive
ID_177,Type D,2018-06-26,484,383.47,Positive
ID_178,Type A,2018-06-27,399,73.09,Negative
ID_179,Type C,2018-06-28,363,389.69,Neutral
ID_180,Type D,2018-06-29,564,110.31,Negative
ID_181,Type A,2018-06-30,788,107.64,Neutral
ID_182,Type A,2018-07-01,142,401.88,Negative
ID_183,Type D,2018-07-02,698,145.18,Positive
ID_184,Type B,2018-07-03,171,65.79,Neutral
ID_185,Type B,2018-07-04,268,300.96,Negative
ID_186,Type A,2018-07-05,815,188.62,Positive
ID_187,Type B,2018-07-06,945,487.53,Neutral
ID_188,Type A,2018-07-07,604,285.75,Negative
ID_189,Type B,2018-07-08,448,196.8,Neutral
ID_190,Type A,2018-07-09,599,187.56,Neutral
ID_191,Type C,2018-07-10,207,304.6,Negative
ID_192,Type D,2018-07-11,146,20.9,Positive
ID_193,Type B,2018-07-12,355,458.37,Positive
ID_194,Type C,2018-07-13,568,42.12,Neutral
ID_195,Type C,2018-07-14,445,197.91,Positive
ID_196,Type B,2018-07-15,225,412.87,Positive
ID_197,Type A,2018-07-16,22,197.92,Negative
ID_198,Type C,2018-07-17,194,173.73,Positive
ID_199,Type A,2018-07-18,62,463.78,Negative
ID_200,Type A,2018-07-19,29,58.51,Neutral
ID_201,Type D,2018-07-20,974,417.91,Negative
ID_202,Type D,2018-07-21,903,107.48,Positive
ID_203,Type D,2018-07-22,103,268.04,Neutral
ID_204,Type B,2018-07-23,847,206.25,Positive
ID_205,Type D,2018-07-24,265,199.88,Negative
ID_206,Type D,2018-07-25,320,497.25,Negative
ID_207,Type C,2018-07-26,621,241.85,Negative
ID_208,Type A,2018-07-27,206,127.12,Positive
ID_209,Type A,2018-07-28,824,52.84,Positive
ID_210,Type D,2018-07-29,158,455.4,Neutral
ID_211,Type D,2018-07-30,646,417.13,Negative
ID_212,Type A,2018-07-31,939,483.99,Negative
ID_213,Type B,2018-08-01,275,484.53,Negative
ID_214,Type C,2018-08-02,378,99.48,Neutral
ID_215,Type A,2018-08-03,61,152.9,Positive
ID_216,Type C,2018-08-04,371,477.3,Positive
ID_217,Type C,2018-08-05,76,444.75,Positive
ID_218,Type B,2018-08-06,697,347.19,Negative
ID_219,Type C,2018-08-07,675,224.72,Negative
ID_220,Type A,2018-08-08,58,319.22,Neutral
ID_221,Type A,2018-08-09,63,172.65,Neutral
ID_222,Type C,2018-08-10,618,112.12,Neutral
ID_223,Type A,2018-08-11,35,446.39,Negative
ID_224,Type D,2018-08-12,146,354.96,Neutral
ID_225,Type B,2018-08-13,713,432.8,Negative
ID_226,Type B,2018-08-14,827,297.88,Negative
ID_227,Type C,2018-08-15,951,389.88,Neutral
ID_228,Type A,2018-08-16,873,235.3,Negative
ID_229,Type D,2018-08-17,164,363.53,Neutral
ID_230,Type C,2018-08-18,290,295.64,Negative
ID_231,Type D,2018-08-19,932,11.24,Positive
ID_232,Type D,2018-08-20,555,491.06,Neutral
ID_233,Type D,2018-08-21,763,372.81,Negative
ID_234,Type C,2018-08-22,586,366.47,Negative
ID_235,Type D,2018-08-23,420,330.45,Neutral
ID_236,Type D,2018-08-24,474,485.45,Positive
ID_237,Type D,2018-08-25,257,104.78,Positive
ID_238,Type C,2018-08-26,243,412.31,Negative
ID_239,Type B,2018-08-27,771,316.65,Positive
ID_240,Type C,2018-08-28,316,56.38,Negative
ID_241,Type C,2018-08-29,806,430.52,Neutral
ID_242,Type A,2018-08-30,156,103.31,Positive
ID_243,Type A,2018-08-31,414,344.83,Neutral
ID_244,Type B,2018-09-01,508,254.67,Neutral
ID_245,Type C,2018-09-02,413,358.32,Positive
ID_246,Type C,2018-09-03,552,470.12,Positive
ID_247,Type A,2018-09-04,354,369.29,Neutral
ID_248,Type C,2018-09-05,298,438.9,Positive
ID_249,Type A,2018-09-06,348,436.28,Negative
ID_250,Type C,2018-09-07,833,323.39,Negative
ID_251,Type C,2018-09-08,244,330.25,Neutral
ID_252,Type D,2018-09-09,611,280.83,Positive
ID_253,Type C,2018-09-10,369,451.63,Positive
ID_254,Type C,2018-09-11,921,262.12,Neutral
ID_255,Type A,2018-09-12,690,486.73,Positive
ID_256,Type C,2018-09-13,415,226.88,Positive
ID_257,Type C,2018-09-14,136,154.11,Positive
ID_258,Type C,2018-09-15,868,197.69,Positive
ID_259,Type A,2018-09-16,734,208.13,Positive
ID_260,Type A,2018-09-17,253,453.1,Neutral
ID_261,Type D,2018-09-18,767,154.63,Positive
ID_262,Type B,2018-09-19,469,256.6,Negative
ID_263,Type D,2018-09-20,477,230.3,Positive
ID_264,Type C,2018-09-21,428,180.52,Neutral
ID_265,Type D,2018-09-22,216,428.92,Positive
ID_266,Type D,2018-09-23,229,338.42,Negative
ID_267,Type D,2018-09-24,902,53.18,Positive
ID_268,Type B,2018-09-25,402,461.06,Negative
ID_269,Type B,2018-09-26,823,79.25,Neutral
ID_270,Type A,2018-09-27,235,398.28,Neutral
ID_271,Type A,2018-09-28,740,460.98,Positive
ID_272,Type C,2018-09-29,788,23.99,Neutral
ID_273,Type D,2018-09-30,774,101.73,Positive
ID_274,Type D,2018-10-01,400,498.65,Negative
ID_275,Type B,2018-10-02,101,49.52,Neutral
ID_276,Type B,2018-10-03,59,232.36,Positive
ID_277,Type A,2018-10-04,836,415.58,Neutral
ID_278,Type B,2018-10-05,694,383.1,Negative
ID_279,Type A,2018-10-06,807,410.15,Negative
ID_280,Type C,2018-10-07,199,412.17,Negative
ID_281,Type C,2018-10-08,162,273.85,Positive
ID_282,Type C,2018-10-09,896,429.35,Positive
ID_283,Type A,2018-10-10,965,252.36,Negative
ID_284,Type D,2018-10-11,916,347.83,Positive
ID_285,Type A,2018-10-12,904,227.39,Positive
ID_286,Type B,2018-10-13,329,225.68,Negative
ID_287,Type D,2018-10-14,984,26.84,Positive
ID_288,Type C,2018-10-15,354,289.02,Negative
ID_289,Type D,2018-10-16,474,213.79,Neutral
ID_290,Type B,2018-10-17,583,313.6,Neutral
ID_291,Type D,2018-10-18,382,106.44,Negative
ID_292,Type A,2018-10-19,747,366.98,Neutral
ID_293,Type D,2018-10-20,771,61.59,Positive
ID_294,Type B,2018-10-21,435,159.45,Positive
ID_295,Type D,2018-10-22,323,310.04,Neutral
ID_296,Type C,2018-10-23,976,257.08,Neutral
ID_297,Type C,2018-10-24,809,404.61,Positive
ID_298,Type C,2018-10-25,436,236.05,Neutral
ID_299,Type D,2018-10-26,287,462.98,Negative
ID_300,Type C,2018-10-27,5,497.69,Positive
ID_301,Type D,2018-10-28,997,298.69,Negative
ID_302,Type D,2018-10-29,212,60.81,Neutral
ID_303,Type A,2018-10-30,767,404.63,Negative
ID_304,Type D,2018-10-31,252,481.82,Neutral
ID_305,Type D,2018-11-01,290,493.25,Positive
ID_306,Type C,2018-11-02,739,162.65,Negative
ID_307,Type D,2018-11-03,615,191.87,Negative
ID_308,Type A,2018-11-04,724,340.4,Neutral
ID_309,Type A,2018-11-05,186,196.0,Negative
ID_310,Type A,2018-11-06,491,20.85,Positive
ID_311,Type D,2018-11-07,979,268.15,Negative
ID_312,Type B,2018-11-08,812,92.87,Negative
ID_313,Type A,2018-11-09,523,241.07,Positive
ID_314,Type B,2018-11-10,176,54.28,Negative
ID_315,Type A,2018-11-11,95,225.72,Positive
ID_316,Type A,2018-11-12,717,41.03,Negative
ID_317,Type A,2018-11-13,579,314.1,Positive
ID_318,Type B,2018-11-14,222,95.68,Negative
ID_319,Type C,2018-11-15,674,176.9,Neutral
ID_320,Type A,2018-11-16,113,170.35,Positive
ID_321,Type D,2018-11-17,177,182.4,Neutral
ID_322,Type A,2018-11-18,142,133.76,Neutral
ID_323,Type A,2018-11-19,613,295.88,Neutral
ID_324,Type A,2018-11-20,555,398.78,Negative
ID_325,Type B,2018-11-21,690,373.47,Positive
ID_326,Type C,2018-11-22,226,167.47,Neutral
ID_327,Type D,2018-11-23,293,469.04,Negative
ID_328,Type B,2018-11-24,575,187.73,Negative
ID_329,Type A,2018-11-25,548,443.27,Neutral
ID_330,Type C,2018-11-26,892,223.26,Neutral
ID_331,Type B,2018-11-27,683,496.78,Negative
ID_332,Type D,2018-11-28,910,451.19,Positive
ID_333,Type A,2018-11-29,107,188.54,Positive
ID_334,Type B,2018-11-30,234,365.57,Positive
ID_335,Type C,2018-12-01,805,254.01,Positive
ID_336,Type A,2018-12-02,488,173.34,Positive
ID_337,Type D,2018-12-03,167,76.08,Positive
ID_338,Type C,2018-12-04,62,167.96,Negative
ID_339,Type A,2018-12-05,69,196.69,Negative
ID_340,Type C,2018-12-06,376,276.57,Negative
ID_341,Type A,2018-12-07,299,81.87,Negative
ID_342,Type B,2018-12-08,624,154.58,Positive
ID_343,Type C,2018-12-09,801,404.67,Positive
ID_344,Type B,2018-12-10,944,205.71,Neutral
ID_345,Type A,2018-12-11,960,308.61,Positive
ID_346,Type B,2018-12-12,698,303.8,Negative
ID_347,Type C,2018-12-13,216,375.48,Positive
ID_348,Type D,2018-12-14,615,193.46,Neutral
ID_349,Type C,2018-12-15,171,232.66,Negative
ID_350,Type B,2018-12-16,29,253.39,Neutral
ID_351,Type D,2018-12-17,253,492.37,Positive
ID_352,Type B,2018-12-18,608,469.21,Negative
ID_353,Type B,2018-12-19,111,496.52,Negative
ID_354,Type C,2018-12-20,745,448.8,Neutral
ID_355,Type A,2018-12-21,431,251.09,Neutral
ID_356,Type B,2018-12-22,639,135.56,Neutral
ID_357,Type B,2018-12-23,482,253.45,Positive
ID_358,Type D,2018-12-24,456,41.97,Neutral
ID_359,Type D,2018-12-25,827,134.5,Positive
ID_360,Type B,2018-12-26,51,188.81,Neutral
ID_361,Type B,2018-12-27,820,310.15,Neutral
ID_362,Type D,2018-12-28,809,158.89,Negative
ID_363,Type B,2018-12-29,439,452.62,Positive
ID_364,Type D,2018-12-30,844,183.08,Positive
ID_365,Type C,2018-12-31,238,488.52,Positive
ID_366,Type C,2019-01-01,330,17.46,Positive
ID_367,Type A,2019-01-02,544,319.07,Negative
ID_368,Type D,2019-01-03,424,147.12,Neutral
ID_369,Type B,2019-01-04,444,345.43,Positive
ID_370,Type B,2019-01-05,653,399.23,Neutral
ID_371,Type D,2019-01-06,305,125.83,Positive
ID_372,Type A,2019-01-07,908,190.35,Neutral
ID_373,Type A,2019-01-08,171,89.1,Positive
ID_374,Type C,2019-01-09,564,69.42,Neutral
ID_375,Type A,2019-01-10,696,68.47,Neutral
ID_376,Type A,2019-01-11,400,89.52,Neutral
ID_377,Type C,2019-01-12,581,311.29,Negative
ID_378,Type C,2019-01-13,802,141.02,Positive
ID_379,Type B,2019-01-14,281,106.2,Negative
ID_380,Type B,2019-01-15,443,460.7,Neutral
ID_381,Type A,2019-01-16,137,84.76,Negative
ID_382,Type D,2019-01-17,665,124.37,Negative
ID_383,Type A,2019-01-18,994,376.88,Negative
ID_384,Type A,2019-01-19,309,340.03,Neutral
ID_385,Type A,2019-01-20,769,189.73,Positive
ID_386,Type B,2019-01-21,359,52.76,Positive
ID_387,Type D,2019-01-22,970,298.59,Positive
ID_388,Type B,2019-01-23,298,15.07,Positive
ID_389,Type A,2019-01-24,411,40.48,Positive
ID_390,Type D,2019-01-25,963,246.06,Negative
ID_391,Type C,2019-01-26,381,20.64,Negative
ID_392,Type D,2019-01-27,317,143.29,Neutral
ID_393,Type B,2019-01-28,18,393.1,Neutral
ID_394,Type B,2019-01-29,425,91.13,Negative
ID_395,Type A,2019-01-30,8,414.11,Negative
ID_396,Type B,2019-01-31,900,242.82,Negative
ID_397,Type A,2019-02-01,304,12.46,Neutral
ID_398,Type A,2019-02-02,904,84.92,Neutral
ID_399,Type C,2019-02-03,687,99.82,Positive
ID_400,Type C,2019-02-04,892,111.75,Positive
ID_401,Type D,2019-02-05,844,145.82,Neutral
ID_402,Type C,2019-02-06,547,382.15,Negative
ID_403,Type A,2019-02-07,933,19.36,Negative
ID_404,Type B,2019-02-08,43,275.99,Neutral
ID_405,Type C,2019-02-09,506,357.62,Positive
ID_406,Type B,2019-02-10,860,409.56,Neutral
ID_407,Type D,2019-02-11,103,332.68,Negative
ID_408,Type C,2019-02-12,131,56.59,Positive
ID_409,Type B,2019-02-13,535,461.66,Neutral
ID_410,Type A,2019-02-14,484,44.2,Positive
ID_411,Type B,2019-02-15,367,280.24,Neutral
ID_412,Type C,2019-02-16,104,354.99,Positive
ID_413,Type A,2019-02-17,392,446.47,Negative
ID_414,Type C,2019-02-18,961,221.82,Neutral
ID_415,Type C,2019-02-19,838,52.43,Neutral
ID_416,Type C,2019-02-20,177,412.7,Positive
ID_417,Type C,2019-02-21,715,48.56,Negative
ID_418,Type D,2019-02-22,865,26.48,Negative
ID_419,Type D,2019-02-23,850,135.16,Negative
ID_420,Type C,2019-02-24,439,398.58,Negative
ID_421,Type A,2019-02-25,243,27.8,Positive
ID_422,Type B,2019-02-26,385,217.37,Neutral
ID_423,Type D,2019-02-27,575,10.48,Positive
ID_424,Type D,2019-02-28,466,400.46,Positive
ID_425,Type C,2019-03-01,883,275.01,Negative
ID_426,Type A,2019-03-02,806,126.79,Negative
ID_427,Type C,2019-03-03,603,172.25,Neutral
ID_428,Type D,2019-03-04,918,164.52,Neutral
ID_429,Type A,2019-03-05,729,433.02,Positive
ID_430,Type D,2019-03-06,607,209.69,Negative
ID_431,Type A,2019-03-07,686,125.7,Positive
ID_432,Type B,2019-03-08,249,397.29,Positive
ID_433,Type A,2019-03-09,556,300.18,Positive
ID_434,Type B,2019-03-10,784,80.39,Negative
ID_435,Type A,2019-03-11,598,175.1,Neutral
ID_436,Type B,2019-03-12,439,41.36,Neutral
ID_437,Type C,2019-03-13,65,199.4,Negative
ID_438,Type B,2019-03-14,238,490.52,Neutral
ID_439,Type A,2019-03-15,431,38.97,Neutral
ID_440,Type C,2019-03-16,291,339.04,Neutral
ID_441,Type D,2019-03-17,943,454.58,Positive
ID_442,Type C,2019-03-18,888,220.31,Neutral
ID_443,Type D,2019-03-19,278,392.15,Neutral
ID_444,Type C,2019-03-20,946,361.48,Negative
ID_445,Type A,2019-03-21,544,63.49,Negative
ID_446,Type C,2019-03-22,633,453.92,Neutral
ID_447,Type D,2019-03-23,426,99.01,Neutral
ID_448,Type D,2019-03-24,625,69.67,Neutral
ID_449,Type D,2019-03-25,984,251.74,Positive
ID_450,Type B,2019-03-26,990,208.0,Negative
ID_451,Type D,2019-03-27,457,302.93,Negative
ID_452,Type C,2019-03-28,671,387.79,Neutral
ID_453,Type B,2019-03-29,468,23.23,Negative
ID_454,Type A,2019-03-30,562,480.41,Neutral
ID_455,Type D,2019-03-31,712,330.51,Positive
ID_456,Type A,2019-04-01,238,300.64,Positive
ID_457,Type B,2019-04-02,444,239.31,Positive
ID_458,Type D,2019-04-03,786,384.52,Negative
ID_459,Type C,2019-04-04,682,420.13,Positive
ID_460,Type C,2019-04-05,788,191.49,Positive
ID_461,Type B,2019-04-06,574,126.49,Positive
ID_462,Type D,2019-04-07,814,69.4,Neutral
ID_463,Type C,2019-04-08,655,50.99,Positive
ID_464,Type C,2019-04-09,978,54.02,Positive
ID_465,Type B,2019-04-10,788,123.24,Neutral
ID_466,Type D,2019-04-11,61,143.96,Positive
ID_467,Type D,2019-04-12,644,408.84,Negative
ID_468,Type D,2019-04-13,985,55.66,Negative
ID_469,Type D,2019-04-14,366,339.47,Negative
ID_470,Type D,2019-04-15,373,338.5,Neutral
ID_471,Type A,2019-04-16,624,413.91,Neutral
ID_472,Type A,2019-04-17,658,38.12,Negative
ID_473,Type C,2019-04-18,848,293.17,Negative
ID_474,Type C,2019-04-19,539,41.78,Positive
ID_475,Type B,2019-04-20,112,160.04,Positive
ID_476,Type C,2019-04-21,273,71.79,Neutral
ID_477,Type D,2019-04-22,246,40.86,Negative
ID_478,Type B,2019-04-23,411,356.92,Negative
ID_479,Type D,2019-04-24,881,105.09,Negative
ID_480,Type A,2019-04-25,763,434.88,Neutral
ID_481,Type B,2019-04-26,106,265.58,Positive
ID_482,Type C,2019-04-27,71,10.97,Neutral
ID_483,Type D,2019-04-28,757,432.92,Positive
ID_484,Type C,2019-04-29,946,191.24,Negative
ID_485,Type C,2019-04-30,627,493.24,Neutral
ID_486,Type A,2019-05-01,427,401.47,Neutral
ID_487,Type B,2019-05-02,919,228.79,Negative
ID_488,Type B,2019-05-03,120,380.48,Neutral
ID_489,Type B,2019-05-04,284,189.09,Negative
ID_490,Type B,2019-05-05,848,26.57,Negative
ID_491,Type A,2019-05-06,54,108.06,Neutral
ID_492,Type D,2019-05-07,439,223.21,Negative
ID_493,Type A,2019-05-08,394,498.76,Neutral
ID_494,Type B,2019-05-09,475,205.25,Positive
ID_495,Type A,2019-05-10,227,246.15,Neutral
ID_496,Type B,2019-05-11,124,19.72,Positive
ID_497,Type B,2019-05-12,869,379.09,Neutral
ID_498,Type D,2019-05-13,700,363.47,Negative
ID_499,Type B,2019-05-14,12,288.37,Neutral
ID_500,Type B,2019-05-15,928,393.89,Neutral
ID_501,Type D,2019-05-16,829,177.63,Negative
ID_502,Type B,2019-05-17,990,315.08,Positive
ID_503,Type A,2019-05-18,642,337.19,Positive
ID_504,Type B,2019-05-19,829,280.75,Positive
ID_505,Type A,2019-05-20,383,496.05,Negative
ID_506,Type B,2019-05-21,503,141.42,Positive
ID_507,Type C,2019-05-22,839,103.2,Positive
ID_508,Type C,2019-05-23,50,410.49,Negative
ID_509,Type B,2019-05-24,367,125.87,Negative
ID_510,Type D,2019-05-25,618,426.07,Negative
ID_511,Type B,2019-05-26,325,215.41,Positive
ID_512,Type A,2019-05-27,990,64.87,Positive
ID_513,Type A,2019-05-28,793,378.38,Negative
ID_514,Type A,2019-05-29,413,13.58,Positive
ID_515,Type D,2019-05-30,796,26.58,Positive
ID_516,Type D,2019-05-31,457,261.41,Negative
ID_517,Type C,2019-06-01,795,392.74,Neutral
ID_518,Type A,2019-06-02,551,119.83,Neutral
ID_519,Type D,2019-06-03,423,350.13,Positive
ID_520,Type A,2019-06-04,477,113.13,Positive
ID_521,Type A,2019-06-05,935,231.54,Positive
ID_522,Type D,2019-06-06,151,76.41,Neutral
ID_523,Type D,2019-06-07,97,124.02,Negative
ID_524,Type A,2019-06-08,731,108.1,Neutral
ID_525,Type C,2019-06-09,221,176.88,Positive
ID_526,Type B,2019-06-10,401,133.22,Negative
ID_527,Type B,2019-06-11,180,336.44,Positive
ID_528,Type B,2019-06-12,631,97.13,Positive
ID_529,Type D,2019-06-13,436,108.72,Negative
ID_530,Type C,2019-06-14,569,93.86,Neutral
ID_531,Type A,2019-06-15,759,256.39,Neutral
ID_532,Type B,2019-06-16,424,44.57,Negative
ID_533,Type C,2019-06-17,117,239.01,Negative
ID_534,Type B,2019-06-18,945,425.03,Neutral
ID_535,Type C,2019-06-19,517,414.74,Negative
ID_536,Type A,2019-06-20,582,239.51,Negative
ID_537,Type B,2019-06-21,617,473.22,Positive
ID_538,Type C,2019-06-22,463,186.78,Negative
ID_539,Type A,2019-06-23,467,234.67,Negative
ID_540,Type A,2019-06-24,498,313.22,Negative
ID_541,Type B,2019-06-25,239,213.57,Positive
ID_542,Type D,2019-06-26,524,94.26,Neutral
ID_543,Type D,2019-06-27,804,474.49,Positive
ID_544,Type D,2019-06-28,90,476.09,Negative
ID_545,Type D,2019-06-29,871,267.37,Positive
ID_546,Type B,2019-06-30,886,269.01,Positive
ID_547,Type C,2019-07-01,664,225.04,Positive
ID_548,Type B,2019-07-02,835,292.46,Negative
ID_549,Type A,2019-07-03,543,110.36,Neutral
ID_550,Type B,2019-07-04,214,212.13,Negative
ID_551,Type A,2019-07-05,134,138.43,Positive
ID_552,Type C,2019-07-06,195,229.37,Neutral
ID_553,Type C,2019-07-07,520,275.26,Neutral
ID_554,Type A,2019-07-08,596,39.21,Negative
ID_555,Type C,2019-07-09,97,128.01,Neutral
ID_556,Type C,2019-07-10,135,432.49,Positive
ID_557,Type D,2019-07-11,162,89.53,Neutral
ID_558,Type C,2019-07-12,243,399.63,Neutral
ID_559,Type B,2019-07-13,862,424.39,Positive
ID_560,Type D,2019-07-14,602,15.81,Positive
ID_561,Type D,2019-07-15,862,222.86,Negative
ID_562,Type A,2019-07-16,547,205.47,Positive
ID_563,Type C,2019-07-17,953,195.8,Negative
ID_564,Type A,2019-07-18,118,104.92,Neutral
ID_565,Type B,2019-07-19,498,102.57,Positive
ID_566,Type B,2019-07-20,545,340.19,Negative
ID_567,Type D,2019-07-21,646,239.72,Neutral
ID_568,Type C,2019-07-22,474,69.26,Negative
ID_569,Type B,2019-07-23,894,323.72,Negative
ID_570,Type C,2019-07-24,255,401.61,Negative
ID_571,Type B,2019-07-25,672,376.28,Positive
ID_572,Type D,2019-07-26,774,245.58,Neutral
ID_573,Type C,2019-07-27,107,100.12,Positive
ID_574,Type B,2019-07-28,67,220.06,Neutral
ID_575,Type D,2019-07-29,106,107.07,Neutral
ID_576,Type A,2019-07-30,255,224.82,Positive
ID_577,Type B,2019-07-31,86,64.22,Positive
ID_578,Type A,2019-08-01,961,340.76,Positive
ID_579,Type D,2019-08-02,579,326.18,Positive
ID_580,Type B,2019-08-03,574,493.16,Negative
ID_581,Type C,2019-08-04,679,394.16,Positive
ID_582,Type D,2019-08-05,101,395.46,Negative
ID_583,Type A,2019-08-06,936,353.46,Positive
ID_584,Type A,2019-08-07,966,351.58,Positive
ID_585,Type D,2019-08-08,859,418.95,Neutral
ID_586,Type A,2019-08-09,923,442.05,Positive
ID_587,Type C,2019-08-10,153,276.38,Neutral
ID_588,Type B,2019-08-11,917,198.19,Positive
ID_589,Type D,2019-08-12,750,490.82,Negative
ID_590,Type C,2019-08-13,933,106.01,Neutral
ID_591,Type A,2019-08-14,871,244.99,Neutral
ID_592,Type C,2019-08-15,395,106.95,Positive
ID_593,Type D,2019-08-16,805,218.66,Negative
ID_594,Type B,2019-08-17,321,188.16,Positive
ID_595,Type D,2019-08-18,628,243.16,Positive
ID_596,Type D,2019-08-19,197,478.39,Positive
ID_597,Type C,2019-08-20,104,111.08,Neutral
ID_598,Type A,2019-08-21,33,466.01,Positive
ID_599,Type C,2019-08-22,831,191.25,Negative
ID_600,Type D,2019-08-23,283,249.57,Neutral
ID_601,Type B,2019-08-24,506,257.98,Positive
ID_602,Type C,2019-08-25,393,223.37,Negative
ID_603,Type D,2019-08-26,871,489.12,Negative
ID_604,Type B,2019-08-27,326,359.11,Positive
ID_605,Type A,2019-08-28,754,138.97,Neutral
ID_606,Type B,2019-08-29,518,133.56,Positive
ID_607,Type C,2019-08-30,48,98.2,Negative
ID_608,Type C,2019-08-31,831,80.31,Neutral
ID_609,Type C,2019-09-01,102,371.35,Positive
ID_610,Type D,2019-09-02,229,184.24,Neutral
ID_611,Type A,2019-09-03,143,64.27,Positive
ID_612,Type C,2019-09-04,114,314.14,Positive
ID_613,Type D,2019-09-05,516,356.89,Neutral
ID_614,Type B,2019-09-06,20,442.63,Neutral
ID_615,Type D,2019-09-07,531,26.03,Negative
ID_616,Type C,2019-09-08,617,444.91,Negative
ID_617,Type D,2019-09-09,33,471.59,Positive
ID_618,Type C,2019-09-10,751,372.12,Negative
ID_619,Type C,2019-09-11,378,104.9,Negative
ID_620,Type D,2019-09-12,767,242.21,Positive
ID_621,Type D,2019-09-13,908,235.26,Neutral
ID_622,Type B,2019-09-14,780,430.74,Positive
ID_623,Type D,2019-09-15,331,460.93,Positive
ID_624,Type A,2019-09-16,571,316.56,Neutral
ID_625,Type A,2019-09-17,789,24.09,Positive
ID_626,Type A,2019-09-18,508,458.51,Negative
ID_627,Type D,2019-09-19,113,360.92,Negative
ID_628,Type C,2019-09-20,365,46.48,Negative
ID_629,Type B,2019-09-21,845,126.85,Positive
ID_630,Type B,2019-09-22,994,92.51,Neutral
ID_631,Type D,2019-09-23,563,314.56,Negative
ID_632,Type B,2019-09-24,872,68.73,Negative
ID_633,Type A,2019-09-25,192,123.78,Neutral
ID_634,Type A,2019-09-26,548,141.91,Negative
ID_635,Type B,2019-09-27,73,156.95,Positive
ID_636,Type B,2019-09-28,667,362.64,Positive
ID_637,Type C,2019-09-29,512,307.85,Neutral
ID_638,Type A,2019-09-30,889,142.78,Positive
ID_639,Type A,2019-10-01,488,180.27,Positive
ID_640,Type C,2019-10-02,690,421.26,Negative
ID_641,Type A,2019-10-03,742,88.55,Negative
ID_642,Type A,2019-10-04,581,113.3,Negative
ID_643,Type D,2019-10-05,855,228.4,Negative
ID_644,Type D,2019-10-06,578,234.27,Neutral
ID_645,Type C,2019-10-07,875,14.78,Positive
ID_646,Type C,2019-10-08,308,345.62,Negative
ID_647,Type D,2019-10-09,625,382.59,Positive
ID_648,Type A,2019-10-10,315,464.99,Negative
ID_649,Type D,2019-10-11,373,11.37,Positive
ID_650,Type B,2019-10-12,130,152.75,Negative
ID_651,Type B,2019-10-13,353,104.74,Negative
ID_652,Type D,2019-10-14,957,227.19,Negative
ID_653,Type C,2019-10-15,352,323.56,Negative
ID_654,Type D,2019-10-16,674,308.51,Neutral
ID_655,Type B,2019-10-17,852,479.57,Neutral
ID_656,Type B,2019-10-18,461,300.73,Positive
ID_657,Type C,2019-10-19,50,331.38,Positive
ID_658,Type D,2019-10-20,271,14.14,Positive
ID_659,Type D,2019-10-21,722,173.41,Positive
ID_660,Type B,2019-10-22,203,269.09,Neutral
ID_661,Type C,2019-10-23,865,477.47,Neutral
ID_662,Type B,2019-10-24,883,56.96,Positive
ID_663,Type A,2019-10-25,42,21.04,Negative
ID_664,Type B,2019-10-26,944,120.56,Negative
ID_665,Type C,2019-10-27,793,450.52,Neutral
ID_666,Type D,2019-10-28,689,422.48,Negative
ID_667,Type C,2019-10-29,30,428.06,Negative
ID_668,Type A,2019-10-30,95,374.58,Neutral
ID_669,Type C,2019-10-31,159,28.09,Neutral
ID_670,Type A,2019-11-01,289,344.77,Negative
ID_671,Type A,2019-11-02,829,207.89,Negative
ID_672,Type A,2019-11-03,642,32.0,Negative
ID_673,Type A,2019-11-04,606,315.7,Positive
ID_674,Type A,2019-11-05,144,448.11,Neutral
ID_675,Type A,2019-11-06,122,71.65,Positive
ID_676,Type C,2019-11-07,888,140.55,Positive
ID_677,Type C,2019-11-08,186,126.46,Neutral
ID_678,Type D,2019-11-09,717,305.29,Neutral
ID_679,Type B,2019-11-10,526,201.95,Neutral
ID_680,Type C,2019-11-11,941,79.34,Negative
ID_681,Type C,2019-11-12,796,176.13,Negative
ID_682,Type D,2019-11-13,105,452.63,Negative
ID_683,Type D,2019-11-14,882,30.96,Neutral
ID_684,Type C,2019-11-15,436,431.8,Positive
ID_685,Type C,2019-11-16,518,196.12,Positive
ID_686,Type B,2019-11-17,926,164.62,Positive
ID_687,Type A,2019-11-18,976,407.55,Negative
ID_688,Type B,2019-11-19,115,401.75,Neutral
ID_689,Type D,2019-11-20,602,337.65,Positive
ID_690,Type B,2019-11-21,558,184.3,Negative
ID_691,Type C,2019-11-22,273,258.67,Negative
ID_692,Type A,2019-11-23,957,125.12,Positive
ID_693,Type A,2019-11-24,917,160.01,Positive
ID_694,Type D,2019-11-25,416,118.38,Negative
ID_695,Type B,2019-11-26,141,355.81,Negative
ID_696,Type A,2019-11-27,756,280.65,Positive
ID_697,Type C,2019-11-28,432,176.24,Neutral
ID_698,Type D,2019-11-29,454,99.9,Neutral
ID_699,Type D,2019-11-30,207,381.73,Positive
ID_700,Type B,2019-12-01,21,130.46,Neutral
ID_701,Type D,2019-12-02,473,497.04,Positive
ID_702,Type C,2019-12-03,207,485.64,Positive
ID_703,Type B,2019-12-04,557,318.66,Neutral
ID_704,Type D,2019-12-05,178,397.23,Neutral
ID_705,Type C,2019-12-06,47,351.3,Positive
ID_706,Type C,2019-12-07,842,108.43,Neutral
ID_707,Type B,2019-12-08,31,213.19,Neutral
ID_708,Type D,2019-12-09,179,116.02,Neutral
ID_709,Type A,2019-12-10,263,124.18,Negative
ID_710,Type B,2019-12-11,153,187.77,Neutral
ID_711,Type D,2019-12-12,302,279.4,Negative
ID_712,Type C,2019-12-13,921,345.68,Positive
ID_713,Type D,2019-12-14,748,449.72,Negative
ID_714,Type A,2019-12-15,801,373.45,Neutral
ID_715,Type A,2019-12-16,344,38.57,Neutral
ID_716,Type A,2019-12-17,616,279.95,Neutral
ID_717,Type B,2019-12-18,439,302.13,Negative
ID_718,Type D,2019-12-19,783,450.08,Negative
ID_719,Type A,2019-12-20,507,190.54,Positive
ID_720,Type D,2019-12-21,284,373.14,Negative
ID_721,Type C,2019-12-22,708,241.0,Negative
ID_722,Type D,2019-12-23,983,45.58,Neutral
ID_723,Type D,2019-12-24,850,340.24,Negative
ID_724,Type D,2019-12-25,242,358.75,Neutral
ID_725,Type D,2019-12-26,89,257.83,Positive
ID_726,Type B,2019-12-27,734,149.44,Negative
ID_727,Type B,2019-12-28,23,442.96,Positive
ID_728,Type C,2019-12-29,387,292.48,Positive
ID_729,Type D,2019-12-30,890,25.47,Neutral
ID_730,Type C,2019-12-31,677,331.22,Positive
ID_731,Type C,2020-01-01,929,371.82,Negative
ID_732,Type C,2020-01-02,286,209.47,Positive
ID_733,Type C,2020-01-03,713,417.73,Positive
ID_734,Type D,2020-01-04,841,282.47,Neutral
ID_735,Type C,2020-01-05,103,242.79,Positive
ID_736,Type D,2020-01-06,834,410.27,Neutral
ID_737,Type C,2020-01-07,260,92.05,Positive
ID_738,Type B,2020-01-08,321,400.27,Neutral
ID_739,Type C,2020-01-09,79,436.7,Negative
ID_740,Type C,2020-01-10,855,295.54,Positive
ID_741,Type D,2020-01-11,539,270.27,Negative
ID_742,Type B,2020-01-12,597,106.43,Negative
ID_743,Type B,2020-01-13,904,23.77,Neutral
ID_744,Type D,2020-01-14,124,199.26,Positive
ID_745,Type B,2020-01-15,46,458.98,Positive
ID_746,Type D,2020-01-16,90,86.49,Neutral
ID_747,Type C,2020-01-17,555,97.18,Negative
ID_748,Type B,2020-01-18,779,14.1,Neutral
ID_749,Type A,2020-01-19,568,172.45,Neutral
ID_750,Type D,2020-01-20,941,131.0,Neutral
ID_751,Type B,2020-01-21,388,448.78,Neutral
ID_752,Type C,2020-01-22,836,86.22,Negative
ID_753,Type B,2020-01-23,219,412.38,Neutral
ID_754,Type B,2020-01-24,550,266.86,Negative
ID_755,Type B,2020-01-25,445,254.94,Negative
ID_756,Type C,2020-01-26,2,473.42,Positive
ID_757,Type D,2020-01-27,961,357.92,Neutral
ID_758,Type C,2020-01-28,7,24.37,Positive
ID_759,Type C,2020-01-29,368,313.87,Neutral
ID_760,Type B,2020-01-30,881,315.19,Neutral
ID_761,Type D,2020-01-31,237,202.74,Negative
ID_762,Type D,2020-02-01,321,140.39,Negative
ID_763,Type C,2020-02-02,811,383.43,Positive
ID_764,Type A,2020-02-03,710,67.74,Negative
ID_765,Type B,2020-02-04,483,66.64,Positive
ID_766,Type B,2020-02-05,747,53.02,Neutral
ID_767,Type B,2020-02-06,642,334.81,Negative
ID_768,Type A,2020-02-07,65,450.72,Positive
ID_769,Type D,2020-02-08,222,241.27,Positive
ID_770,Type A,2020-02-09,221,394.51,Negative
ID_771,Type B,2020-02-10,163,17.0,Negative
ID_772,Type D,2020-02-11,910,165.71,Neutral
ID_773,Type B,2020-02-12,962,15.14,Negative
ID_774,Type B,2020-02-13,213,234.91,Positive
ID_775,Type B,2020-02-14,878,142.13,Positive
ID_776,Type A,2020-02-15,265,227.03,Neutral
ID_777,Type B,2020-02-16,887,375.66,Neutral
ID_778,Type B,2020-02-17,404,173.07,Positive
ID_779,Type C,2020-02-18,580,86.37,Negative
ID_780,Type A,2020-02-19,148,364.75,Positive
ID_781,Type C,2020-02-20,273,390.68,Positive
ID_782,Type A,2020-02-21,919,67.75,Positive
ID_783,Type D,2020-02-22,206,395.75,Neutral
ID_784,Type B,2020-02-23,45,172.85,Negative
ID_785,Type C,2020-02-24,311,358.93,Negative
ID_786,Type D,2020-02-25,336,92.96,Positive
ID_787,Type D,2020-02-26,441,232.15,Negative
ID_788,Type D,2020-02-27,259,84.73,Positive
ID_789,Type A,2020-02-28,987,384.97,Negative
ID_790,Type C,2020-02-29,291,85.76,Neutral
ID_791,Type B,2020-03-01,378,220.83,Neutral
ID_792,Type C,2020-03-02,748,399.91,Positive
ID_793,Type C,2020-03-03,593,370.88,Positive
ID_794,Type B,2020-03-04,250,53.03,Neutral
ID_795,Type C,2020-03-05,93,249.54,Negative
ID_796,Type D,2020-03-06,984,101.57,Neutral
ID_797,Type C,2020-03-07,544,450.99,Neutral
ID_798,Type C,2020-03-08,80,270.21,Negative
ID_799,Type A,2020-03-09,309,283.1,Negative
ID_800,Type D,2020-03-10,198,420.38,Positive
ID_801,Type C,2020-03-11,905,296.31,Negative
ID_802,Type B,2020-03-12,838,339.51,Neutral
ID_803,Type B,2020-03-13,797,210.69,Neutral
ID_804,Type B,2020-03-14,219,146.04,Neutral
ID_805,Type D,2020-03-15,515,68.64,Neutral
ID_806,Type D,2020-03-16,436,266.66,Neutral
ID_807,Type C,2020-03-17,485,333.77,Neutral
ID_808,Type C,2020-03-18,673,107.41,Neutral
ID_809,Type A,2020-03-19,194,149.73,Positive
ID_810,Type C,2020-03-20,116,233.11,Positive
ID_811,Type D,2020-03-21,143,145.41,Negative
ID_812,Type B,2020-03-22,717,110.7,Neutral
ID_813,Type C,2020-03-23,125,217.71,Neutral
ID_814,Type C,2020-03-24,171,354.72,Negative
ID_815,Type D,2020-03-25,722,378.67,Neutral
ID_816,Type A,2020-03-26,845,440.4,Neutral
ID_817,Type D,2020-03-27,374,421.35,Negative
ID_818,Type A,2020-03-28,442,378.02,Neutral
ID_819,Type C,2020-03-29,559,133.5,Negative
ID_820,Type A,2020-03-30,189,70.75,Neutral
ID_821,Type C,2020-03-31,617,102.12,Negative
ID_822,Type B,2020-04-01,876,70.12,Neutral
ID_823,Type C,2020-04-02,7,372.59,Neutral
ID_824,Type B,2020-04-03,892,172.24,Neutral
ID_825,Type B,2020-04-04,929,298.69,Positive
ID_826,Type C,2020-04-05,60,369.77,Negative
ID_827,Type B,2020-04-06,505,23.47,Neutral
ID_828,Type C,2020-04-07,355,318.32,Negative
ID_829,Type C,2020-04-08,302,112.55,Negative
ID_830,Type C,2020-04-09,370,302.91,Negative
ID_831,Type C,2020-04-10,766,267.91,Neutral
ID_832,Type A,2020-04-11,276,404.47,Positive
ID_833,Type A,2020-04-12,614,54.0,Positive
ID_834,Type B,2020-04-13,646,103.56,Positive
ID_835,Type B,2020-04-14,446,453.88,Neutral
ID_836,Type B,2020-04-15,567,119.79,Positive
ID_837,Type A,2020-04-16,500,195.78,Positive
ID_838,Type A,2020-04-17,169,340.35,Neutral
ID_839,Type C,2020-04-18,670,230.19,Positive
ID_840,Type D,2020-04-19,462,231.81,Negative
ID_841,Type B,2020-04-20,120,482.25,Negative
ID_842,Type C,2020-04-21,807,205.78,Neutral
ID_843,Type B,2020-04-22,483,403.31,Positive
ID_844,Type C,2020-04-23,960,34.83,Negative
ID_845,Type D,2020-04-24,431,52.71,Negative
ID_846,Type A,2020-04-25,618,151.82,Neutral
ID_847,Type B,2020-04-26,184,485.71,Positive
ID_848,Type B,2020-04-27,51,23.21,Neutral
ID_849,Type B,2020-04-28,681,498.04,Negative
ID_850,Type D,2020-04-29,249,354.79,Positive
ID_851,Type C,2020-04-30,391,465.1,Neutral
ID_852,Type A,2020-05-01,337,203.43,Neutral
ID_853,Type C,2020-05-02,841,427.66,Positive
ID_854,Type B,2020-05-03,619,360.02,Positive
ID_855,Type D,2020-05-04,275,174.03,Neutral
ID_856,Type A,2020-05-05,240,146.43,Positive
ID_857,Type D,2020-05-06,115,318.1,Positive
ID_858,Type B,2020-05-07,783,153.81,Neutral
ID_859,Type C,2020-05-08,574,173.18,Negative
ID_860,Type C,2020-05-09,156,123.91,Negative
ID_861,Type D,2020-05-10,489,475.43,Positive
ID_862,Type B,2020-05-11,566,31.91,Positive
ID_863,Type C,2020-05-12,891,471.37,Positive
ID_864,Type B,2020-05-13,189,146.19,Negative
ID_865,Type D,2020-05-14,544,126.69,Positive
ID_866,Type B,2020-05-15,861,116.67,Positive
ID_867,Type C,2020-05-16,923,79.41,Positive
ID_868,Type C,2020-05-17,403,136.89,Neutral
ID_869,Type C,2020-05-18,917,383.78,Neutral
ID_870,Type C,2020-05-19,453,31.42,Neutral
ID_871,Type B,2020-05-20,249,143.97,Neutral
ID_872,Type D,2020-05-21,514,358.82,Negative
ID_873,Type D,2020-05-22,767,264.74,Neutral
ID_874,Type C,2020-05-23,75,405.59,Negative
ID_875,Type C,2020-05-24,743,171.06,Positive
ID_876,Type B,2020-05-25,441,468.14,Negative
ID_877,Type D,2020-05-26,481,313.77,Positive
ID_878,Type A,2020-05-27,128,468.63,Positive
ID_879,Type C,2020-05-28,411,206.96,Negative
ID_880,Type C,2020-05-29,753,235.08,Negative
ID_881,Type D,2020-05-30,580,281.13,Positive
ID_882,Type A,2020-05-31,144,38.45,Neutral
ID_883,Type A,2020-06-01,853,446.34,Negative
ID_884,Type B,2020-06-02,917,284.15,Negative
ID_885,Type A,2020-06-03,35,241.04,Negative
ID_886,Type A,2020-06-04,45,185.6,Positive
ID_887,Type C,2020-06-05,520,383.0,Neutral
ID_888,Type A,2020-06-06,837,489.5,Negative
ID_889,Type B,2020-06-07,976,330.16,Neutral
ID_890,Type A,2020-06-08,690,335.33,Positive
ID_891,Type A,2020-06-09,218,254.44,Negative
ID_892,Type A,2020-06-10,387,44.39,Neutral
ID_893,Type D,2020-06-11,235,214.1,Positive
ID_894,Type D,2020-06-12,432,84.28,Negative
ID_895,Type A,2020-06-13,858,460.76,Negative
ID_896,Type A,2020-06-14,996,296.52,Negative
ID_897,Type B,2020-06-15,863,152.99,Neutral
ID_898,Type C,2020-06-16,587,328.77,Positive
ID_899,Type A,2020-06-17,887,105.12,Negative
ID_900,Type D,2020-06-18,822,202.4,Neutral
ID_901,Type C,2020-06-19,797,368.64,Positive
ID_902,Type C,2020-06-20,356,139.84,Negative
ID_903,Type A,2020-06-21,119,125.64,Positive
ID_904,Type B,2020-06-22,257,246.81,Neutral
ID_905,Type B,2020-06-23,351,145.78,Positive
ID_906,Type A,2020-06-24,698,213.63,Positive
ID_907,Type B,2020-06-25,254,211.69,Positive
ID_908,Type A,2020-06-26,888,11.66,Positive
ID_909,Type A,2020-06-27,782,234.8,Positive
ID_910,Type D,2020-06-28,300,366.19,Neutral
ID_911,Type C,2020-06-29,15,17.68,Negative
ID_912,Type B,2020-06-30,232,85.9,Positive
ID_913,Type D,2020-07-01,368,207.46,Positive
ID_914,Type B,2020-07-02,847,189.54,Neutral
ID_915,Type C,2020-07-03,8,306.65,Positive
ID_916,Type B,2020-07-04,753,180.62,Neutral
ID_917,Type C,2020-07-05,708,282.65,Positive
ID_918,Type C,2020-07-06,450,435.79,Negative
ID_919,Type D,2020-07-07,162,16.2,Positive
ID_920,Type A,2020-07-08,965,422.16,Neutral
ID_921,Type D,2020-07-09,194,56.22,Negative
ID_922,Type B,2020-07-10,139,247.35,Negative
ID_923,Type B,2020-07-11,639,67.63,Neutral
ID_924,Type B,2020-07-12,87,209.3,Neutral
ID_925,Type D,2020-07-13,515,191.57,Neutral
ID_926,Type B,2020-07-14,862,110.44,Neutral
ID_927,Type D,2020-07-15,88,33.42,Negative
ID_928,Type A,2020-07-16,613,229.56,Positive
ID_929,Type D,2020-07-17,542,469.63,Positive
ID_930,Type C,2020-07-18,88,257.95,Neutral
ID_931,Type D,2020-07-19,573,388.99,Neutral
ID_932,Type A,2020-07-20,671,359.45,Negative
ID_933,Type A,2020-07-21,745,110.84,Positive
ID_934,Type B,2020-07-22,478,99.26,Positive
ID_935,Type C,2020-07-23,338,299.22,Positive
ID_936,Type D,2020-07-24,991,319.41,Positive
ID_937,Type D,2020-07-25,723,89.9,Negative
ID_938,Type B,2020-07-26,319,473.39,Negative
ID_939,Type D,2020-07-27,134,126.8,Neutral
ID_940,Type B,2020-07-28,790,409.69,Negative
ID_941,Type D,2020-07-29,822,478.52,Neutral
ID_942,Type B,2020-07-30,456,482.49,Neutral
ID_943,Type C,2020-07-31,241,445.42,Negative
ID_944,Type D,2020-08-01,310,133.68,Negative
ID_945,Type A,2020-08-02,641,385.25,Neutral
ID_946,Type A,2020-08-03,970,115.55,Positive
ID_947,Type C,2020-08-04,216,267.54,Positive
ID_948,Type D,2020-08-05,917,401.83,Positive
ID_949,Type C,2020-08-06,699,106.39,Neutral
ID_950,Type C,2020-08-07,877,318.96,Negative
ID_951,Type A,2020-08-08,10,143.4,Negative
ID_952,Type B,2020-08-09,115,351.92,Neutral
ID_953,Type C,2020-08-10,286,248.63,Negative
ID_954,Type D,2020-08-11,533,309.55,Positive
ID_955,Type C,2020-08-12,147,329.65,Positive
ID_956,Type C,2020-08-13,19,481.4,Neutral
ID_957,Type A,2020-08-14,257,57.61,Negative
ID_958,Type C,2020-08-15,658,13.21,Negative
ID_959,Type D,2020-08-16,665,452.88,Negative
ID_960,Type C,2020-08-17,360,419.61,Negative
ID_961,Type C,2020-08-18,262,372.64,Positive
ID_962,Type C,2020-08-19,888,26.58,Negative
ID_963,Type C,2020-08-20,616,13.24,Negative
ID_964,Type B,2020-08-21,382,416.97,Neutral
ID_965,Type A,2020-08-22,89,439.42,Negative
ID_966,Type B,2020-08-23,3,36.32,Negative
ID_967,Type A,2020-08-24,198,460.84,Positive
ID_968,Type C,2020-08-25,800,414.78,Positive
ID_969,Type D,2020-08-26,421,327.34,Neutral
ID_970,Type C,2020-08-27,700,154.89,Positive
ID_971,Type C,2020-08-28,85,110.12,Negative
ID_972,Type C,2020-08-29,267,131.79,Neutral
ID_973,Type C,2020-08-30,170,202.0,Positive
ID_974,Type B,2020-08-31,234,155.41,Positive
ID_975,Type D,2020-09-01,179,197.51,Neutral
ID_976,Type C,2020-09-02,59,198.09,Negative
ID_977,Type C,2020-09-03,941,238.85,Negative
ID_978,Type A,2020-09-04,687,173.76,Negative
ID_979,Type D,2020-09-05,553,356.57,Positive
ID_980,Type B,2020-09-06,785,360.82,Positive
ID_981,Type A,2020-09-07,711,333.55,Negative
ID_982,Type C,2020-09-08,214,115.83,Positive
ID_983,Type D,2020-09-09,432,445.4,Neutral
ID_984,Type B,2020-09-10,665,460.2,Negative
ID_985,Type B,2020-09-11,868,50.01,Negative
ID_986,Type A,2020-09-12,322,19.39,Positive
ID_987,Type C,2020-09-13,262,293.29,Neutral
ID_988,Type B,2020-09-14,911,328.77,Negative
ID_989,Type C,2020-09-15,533,342.63,Neutral
ID_990,Type D,2020-09-16,72,138.25,Positive
ID_991,Type C,2020-09-17,441,469.59,Positive
ID_992,Type A,2020-09-18,671,391.81,Positive
ID_993,Type B,2020-09-19,800,206.59,Negative
ID_994,Type C,2020-09-20,994,84.1,Neutral
ID_995,Type A,2020-09-21,298,260.09,Positive
ID_996,Type D,2020-09-22,785,436.4,Neutral
ID_997,Type B,2020-09-23,81,331.57,Negative
ID_998,Type B,2020-09-24,526,213.33,Positive
ID_999,Type A,2020-09-25,514,279.57,Negative
ID_1000,Type D,2020-09-26,690,257.99,Negative
